StartDate,EndDate,Status,IPAddress,Progress,Duration (in seconds),Finished,RecordedDate,ResponseId,RecipientLastName,RecipientFirstName,RecipientEmail,ExternalReference,LocationLatitude,LocationLongitude,DistributionChannel,UserLanguage,Q6,Q7,Q8,Q15,Q16,Q80,Q81,Q82,Q83,Q79,Q84,Q87,Q21,Q59,Q22,Q23,Q30,Q31,Q36,Q37,Q60,Q38,Q39,Q46,Q47,Q48,Q49,Q50,Q51,Q51_6_TEXT
Start Date,End Date,Response Type,IP Address,Progress,Duration (in seconds),Finished,Recorded Date,Response ID,Recipient Last Name,Recipient First Name,Recipient Email,External Data Reference,Location Latitude,Location Longitude,Distribution Channel,User Language,I would engage with this post by commenting.,I believe this brand is being transparent about their practices (i.e. adequate amount of information is disclosed on how the brand acquires ecological resources and adopts sustainable value chains).,I trust this brand.,I would participate in the comment section of this specific post.,I would comment on a post on this Instagram account in the future.,I care about social causes (i.e. you value ecological and/or humanitarian causes).,I am interested in giveaways on Instagram.,I have purchased a fashion item from a sustainable fashion brand.,I bought this item because I care about sustainability.,This is an attention check. Please select “Somewhat agree”.,I comment on fashion Instagram posts from brands that I am a fan of.,I follow at least one sustainable fashion brand on Instagram.,I would engage with this post by commenting.,I would comment on this post if there was no giveaway involved.,I believe this brand is being transparent about their practices (i.e. adequate amount of information is disclosed on how the brand acquires ecological resources and adopts sustainable value chains).,I trust this brand.,I would participate in the comment section of this specific post.,I would comment on a post on this Instagram account in the future.,I would engage with this post by commenting.,"Imagine the brand only requires you to tag a friend to enter the giveaway. You no longer have to additionally comment one way you reduce your carbon footprint. In exchange, the brand does not plant the tree per participant in the giveaway. To what extent do you agree with the following:

 

I would be more likely to comment if I only had to tag a friend, even though it would mean the brand would no longer plant a tree with my participation.",I would comment on this post if there was no giveaway involved.,I believe this brand is being transparent about their practices (i.e. adequate amount of information is disclosed on how the brand acquires ecological resources and adopts sustainable value chains).,I trust this brand.,I would participate in the comment section of this specific post.,I would comment on a post on this Instagram account in the future.,What is your age?,What gender do you identify as?,What is your nationality?,What is your occupation? - Selected Choice,What is your occupation? - Other - Text
"{""ImportId"":""startDate"",""timeZone"":""America/Denver""}","{""ImportId"":""endDate"",""timeZone"":""America/Denver""}","{""ImportId"":""status""}","{""ImportId"":""ipAddress""}","{""ImportId"":""progress""}","{""ImportId"":""duration""}","{""ImportId"":""finished""}","{""ImportId"":""recordedDate"",""timeZone"":""America/Denver""}","{""ImportId"":""_recordId""}","{""ImportId"":""recipientLastName""}","{""ImportId"":""recipientFirstName""}","{""ImportId"":""recipientEmail""}","{""ImportId"":""externalDataReference""}","{""ImportId"":""locationLatitude""}","{""ImportId"":""locationLongitude""}","{""ImportId"":""distributionChannel""}","{""ImportId"":""userLanguage""}","{""ImportId"":""QID7""}","{""ImportId"":""QID8""}","{""ImportId"":""QID9""}","{""ImportId"":""QID15""}","{""ImportId"":""QID16""}","{""ImportId"":""QID80""}","{""ImportId"":""QID81""}","{""ImportId"":""QID82""}","{""ImportId"":""QID83""}","{""ImportId"":""QID79""}","{""ImportId"":""QID84""}","{""ImportId"":""QID87""}","{""ImportId"":""QID49""}","{""ImportId"":""QID66""}","{""ImportId"":""QID50""}","{""ImportId"":""QID51""}","{""ImportId"":""QID58""}","{""ImportId"":""QID59""}","{""ImportId"":""QID34""}","{""ImportId"":""QID63""}","{""ImportId"":""QID67""}","{""ImportId"":""QID35""}","{""ImportId"":""QID36""}","{""ImportId"":""QID43""}","{""ImportId"":""QID44""}","{""ImportId"":""QID17_TEXT""}","{""ImportId"":""QID18""}","{""ImportId"":""QID19_TEXT""}","{""ImportId"":""QID20""}","{""ImportId"":""QID20_6_TEXT""}"
4/6/2021 13:05,4/6/2021 13:07,IP Address,87.214.157.154,100,138,TRUE,4/6/2021 13:07,R_yrRdUxLeEFkkJ57,,,,,51.89190674,4.492294312,anonymous,EN,,,,,,Strongly agree,Strongly agree,Yes,Strongly agree,Somewhat agree,Strongly disagree,Yes,Strongly agree,Strongly disagree,Strongly agree,Strongly agree,Strongly agree,Neither agree nor disagree,,,,,,,,20,Female,American,Student,
4/6/2021 13:07,4/6/2021 13:09,IP Address,83.99.20.158,100,117,TRUE,4/6/2021 13:09,R_2f1fesL6INDjPlt,,,,,49.74980164,6.166107178,anonymous,EN,,,,,,Somewhat agree,Somewhat agree,No,,Somewhat agree,Strongly disagree,No,Strongly disagree,Strongly disagree,Strongly disagree,Strongly disagree,Strongly disagree,Strongly disagree,,,,,,,,24,Female,Luxembourgish,Student,
4/6/2021 13:13,4/6/2021 13:14,IP Address,178.255.168.234,100,83,TRUE,4/6/2021 13:14,R_1CfpbOLF6HJ540c,,,,,49.39750671,14.81770325,anonymous,EN,Somewhat agree,Somewhat disagree,Somewhat disagree,Somewhat agree,Somewhat agree,Somewhat disagree,Somewhat agree,Yes,Somewhat disagree,Somewhat agree,Somewhat agree,No,,,,,,,,,,,,,,21,Male,Czech,Student,
4/6/2021 13:30,4/6/2021 13:31,IP Address,138.232.1.196,100,30,TRUE,4/6/2021 13:31,R_3qrP9Za3feuygn9,,,,,47.26370239,11.40159607,anonymous,EN,,,,,,Somewhat agree,Somewhat agree,Yes,Somewhat agree,Somewhat agree,Strongly agree,Yes,Somewhat agree,Neither agree nor disagree,Strongly agree,Neither agree nor disagree,Strongly agree,Somewhat agree,,,,,,,,26,Male,Austrian,Student,
4/6/2021 13:27,4/6/2021 13:31,IP Address,79.130.197.177,100,269,TRUE,4/6/2021 13:31,R_3L5vvCxJlcX2egq,,,,,35.51220703,24.01559448,anonymous,EN,,,,,,Strongly agree,Somewhat agree,Yes,Strongly agree,Somewhat agree,Strongly disagree,Yes,,,,,,,Strongly agree,Somewhat disagree,Somewhat disagree,Somewhat disagree,Neither agree nor disagree,Strongly agree,Strongly agree,26,Female,British,Student,
4/6/2021 13:32,4/6/2021 13:33,IP Address,77.163.182.42,100,89,TRUE,4/6/2021 13:33,R_10VI9372VqbS8uW,,,,,51.92810059,4.505203247,anonymous,EN,,,,,,Somewhat agree,Somewhat disagree,No,,Somewhat agree,Somewhat agree,No,,,,,,,Strongly disagree,Somewhat disagree,Somewhat disagree,Somewhat disagree,Neither agree nor disagree,Somewhat disagree,Neither agree nor disagree,22,Female,Japanese,Student,
4/6/2021 13:31,4/6/2021 13:34,IP Address,70.74.122.101,100,169,TRUE,4/6/2021 13:34,R_32R5RfI3c0yrCya,,,,,53.53489685,-113.5180969,anonymous,EN,Strongly disagree,Strongly agree,Somewhat agree,Somewhat disagree,Somewhat agree,Somewhat agree,Somewhat agree,No,,Somewhat agree,Somewhat disagree,Yes,,,,,,,,,,,,,,23,Female,Canadian,Student,
4/6/2021 13:55,4/6/2021 13:56,IP Address,99.238.207.72,100,64,TRUE,4/6/2021 13:56,R_2fcCCpo6DG3U5AR,,,,,43.70120239,-79.38770294,anonymous,EN,Strongly disagree,Strongly agree,Somewhat agree,Strongly disagree,Strongly disagree,Somewhat agree,Somewhat agree,No,,Somewhat agree,Strongly disagree,No,,,,,,,,,,,,,,27,Female,Canadian,Student,
4/6/2021 13:56,4/6/2021 14:00,IP Address,81.96.15.16,100,272,TRUE,4/6/2021 14:00,R_1kNdDygcAPjL09o,,,,,53.82260132,-1.567993164,anonymous,EN,,,,,,Somewhat agree,Neither agree nor disagree,No,,Somewhat agree,Somewhat agree,Yes,Somewhat disagree,Somewhat disagree,Neither agree nor disagree,Somewhat disagree,Somewhat disagree,Somewhat disagree,,,,,,,,31,Female,Saudi Arabia ,Working,
4/6/2021 14:29,4/6/2021 14:30,IP Address,95.91.244.60,100,70,TRUE,4/6/2021 14:30,R_8HQh5aJWTyKzAvn,,,,,52.53210449,13.40119934,anonymous,EN,,,,,,Somewhat agree,Strongly disagree,Yes,Neither agree nor disagree,Somewhat agree,Strongly disagree,Yes,,,,,,,Somewhat disagree,Somewhat disagree,Strongly disagree,Somewhat agree,Somewhat agree,Strongly disagree,Somewhat disagree,26,Female,Polish,Student,
4/6/2021 14:32,4/6/2021 14:33,IP Address,5.151.251.170,100,48,TRUE,4/6/2021 14:33,R_ZHNxqjnzliWOfjb,,,,,51.91560364,4.514602661,anonymous,EN,Somewhat disagree,Somewhat agree,Somewhat agree,Somewhat disagree,Somewhat disagree,Somewhat agree,Somewhat agree,No,,Somewhat agree,Somewhat disagree,No,,,,,,,,,,,,,,25,Male,austrian,Student,
4/6/2021 14:37,4/6/2021 14:38,IP Address,84.82.30.93,100,61,TRUE,4/6/2021 14:38,R_2EyKPXw1cjUXlN7,,,,,52.02209473,5.189498901,anonymous,EN,,,,,,Somewhat agree,Strongly agree,No,,Somewhat agree,Somewhat agree,Yes,Neither agree nor disagree,Somewhat disagree,Strongly agree,Somewhat agree,Strongly agree,Somewhat agree,,,,,,,,22,Female,dutch,Student,
4/6/2021 15:32,4/6/2021 15:33,IP Address,87.115.61.82,100,37,TRUE,4/6/2021 15:33,R_2zp9xaLVWRry7MR,,,,,52.13589478,-2.211700439,anonymous,EN,,,,,,Somewhat agree,Strongly disagree,No,,Somewhat agree,Somewhat disagree,No,,,,,,,Somewhat disagree,Somewhat disagree,Somewhat disagree,Neither agree nor disagree,Neither agree nor disagree,Somewhat disagree,Somewhat disagree,22,Male,British,Student,
4/6/2021 15:52,4/6/2021 15:55,IP Address,213.127.20.249,100,142,TRUE,4/6/2021 15:55,R_1n7KD4sStR44OuR,,,,,51.93989563,4.471206665,anonymous,EN,Somewhat disagree,Neither agree nor disagree,Somewhat disagree,Somewhat disagree,Somewhat disagree,Somewhat agree,Strongly disagree,Yes,Somewhat agree,Somewhat agree,Somewhat disagree,No,,,,,,,,,,,,,,32,Male,Dutch,Student,
4/6/2021 16:04,4/6/2021 16:06,IP Address,107.77.233.199,100,129,TRUE,4/6/2021 16:06,R_2QM5HLzPuWyLT5I,,,,,33.82290649,-84.35350037,anonymous,EN,,,,,,Strongly agree,Neither agree nor disagree,Yes,Strongly agree,Somewhat agree,Strongly disagree,Yes,,,,,,,Somewhat agree,Neither agree nor disagree,Strongly disagree,Somewhat agree,Neither agree nor disagree,Somewhat agree,Strongly disagree,22,Male,Puerto Rican,Student,
4/6/2021 15:44,4/6/2021 16:08,IP Address,176.249.228.64,100,1403,TRUE,4/6/2021 16:08,R_2rqQ4pxX3VcFyg1,,,,,51.56669617,-0.333297729,anonymous,EN,,,,,,Strongly agree,Strongly disagree,Yes,Strongly agree,Somewhat agree,Strongly disagree,No,Strongly disagree,Strongly disagree,Somewhat agree,Somewhat agree,Strongly disagree,Strongly disagree,,,,,,,,37,Female,French,Working,
4/6/2021 23:26,4/6/2021 23:29,IP Address,180.129.49.154,100,139,TRUE,4/6/2021 23:29,R_2Qm3keWqLPWVCiE,,,,,1.365203857,103.8367004,anonymous,EN,,,,,,Strongly agree,Strongly agree,No,,Somewhat agree,Strongly disagree,No,Strongly agree,Strongly disagree,Somewhat agree,Strongly disagree,Strongly agree,Strongly disagree,,,,,,,,18,Male,singaporean,Student,
4/7/2021 2:22,4/7/2021 2:23,IP Address,83.83.57.97,100,55,TRUE,4/7/2021 2:23,R_21thJF020NwQQwg,,,,,52.0092926,5.554794312,anonymous,EN,Strongly disagree,Somewhat agree,Somewhat agree,Strongly disagree,Strongly disagree,Somewhat agree,Somewhat disagree,Yes,Somewhat agree,Somewhat agree,Strongly disagree,Yes,,,,,,,,,,,,,,23,Female,Dutch,Student,
4/7/2021 2:46,4/7/2021 2:48,IP Address,118.189.200.153,100,137,TRUE,4/7/2021 2:48,R_3ozSRqC4nd80P8F,,,,,1.302902222,103.8569946,anonymous,EN,,,,,,Somewhat disagree,Strongly disagree,No,,Somewhat agree,Strongly disagree,No,,,,,,,Strongly disagree,Somewhat disagree,Strongly disagree,Somewhat disagree,Neither agree nor disagree,Strongly disagree,Strongly disagree,29,Female,Prefer not to say,Working,
4/7/2021 3:37,4/7/2021 4:39,Survey Preview,,100,3721,TRUE,4/7/2021 4:39,R_2mkbyqvhcLl9JkZ,,,,,40.73869324,14.59449768,preview,EN,,,,,,Somewhat agree,Somewhat agree,Yes,Somewhat agree,Somewhat agree,Somewhat agree,Yes,,,,,,,Neither agree nor disagree,Somewhat agree,Somewhat agree,Somewhat agree,Somewhat agree,Somewhat agree,Somewhat agree,27,Female,Italian,Working,
4/7/2021 5:33,4/7/2021 5:34,IP Address,95.223.230.157,100,63,TRUE,4/7/2021 5:34,R_3sjJ5e0DpRN44TQ,,,,,50.90150452,8.145904541,anonymous,EN,Strongly disagree,Somewhat agree,Somewhat agree,Strongly disagree,Strongly disagree,Strongly agree,Somewhat agree,Yes,Strongly agree,Somewhat agree,Strongly disagree,Yes,,,,,,,,,,,,,,24,Female,German,Student,
4/7/2021 6:44,4/7/2021 6:46,IP Address,94.230.145.35,100,123,TRUE,4/7/2021 6:46,R_33e5fYy9Rs6WwBD,,,,,50.07609558,14.44790649,anonymous,EN,,,,,,Strongly agree,Neither agree nor disagree,Yes,Strongly agree,Somewhat agree,Strongly disagree,Yes,Somewhat agree,Strongly disagree,Strongly disagree,Neither agree nor disagree,Somewhat agree,Neither agree nor disagree,,,,,,,,25,Female,Slovak,Student,
4/7/2021 7:08,4/7/2021 7:11,IP Address,84.247.45.40,100,208,TRUE,4/7/2021 7:11,R_3O82Pk1sBxsbW4d,,,,,51.45930481,5.464401245,anonymous,EN,,,,,,Neither agree nor disagree,Strongly disagree,No,,Somewhat agree,Strongly disagree,No,,,,,,,Strongly disagree,Somewhat agree,Strongly disagree,Somewhat agree,Somewhat agree,Strongly disagree,Strongly disagree,20,Female,Dutch,Student,
4/7/2021 9:41,4/7/2021 9:43,IP Address,213.127.29.156,100,119,TRUE,4/7/2021 9:43,R_1gvIbrRgZ8gVIle,,,,,51.93359375,4.488800049,anonymous,EN,,,,,,Somewhat agree,Strongly disagree,Yes,Strongly agree,Somewhat agree,Strongly disagree,Yes,Strongly disagree,Strongly disagree,Somewhat agree,Somewhat agree,Strongly disagree,Somewhat disagree,,,,,,,,23,Female,Dutch,Student,
4/7/2021 10:51,4/7/2021 10:54,IP Address,212.86.35.157,100,170,TRUE,4/7/2021 10:54,R_tFIkaP0jfBcWy5z,,,,,52.54159546,13.39039612,anonymous,EN,,,,,,Strongly agree,Neither agree nor disagree,Yes,Somewhat agree,Somewhat agree,Strongly disagree,Yes,,,,,,,Somewhat agree,Somewhat disagree,Somewhat disagree,Somewhat agree,Somewhat agree,Somewhat agree,Neither agree nor disagree,20,Female,German,Student,
4/7/2021 12:18,4/7/2021 12:20,IP Address,31.53.96.33,100,133,TRUE,4/7/2021 12:20,R_1C2ZrSi0D1ZBP6u,,,,,50.60769653,-2.45930481,anonymous,EN,,,,,,Strongly agree,Strongly disagree,Yes,Strongly agree,Somewhat agree,Neither agree nor disagree,Yes,Somewhat agree,Somewhat disagree,Strongly agree,Strongly agree,Somewhat disagree,Neither agree nor disagree,,,,,,,,16,Female,british,Student,
4/7/2021 10:47,4/7/2021 10:47,IP Address,176.249.228.64,68,10,FALSE,4/7/2021 14:47,R_2dmEcIVLuRoAfN6,,,,,,,anonymous,EN,,,,,,,,,,,,,,,,,,,,,,,,,,,,,,
4/7/2021 16:20,4/7/2021 16:23,IP Address,62.202.189.170,100,183,TRUE,4/7/2021 16:23,R_AbpWsj6n3VleHUR,,,,,46.94529724,7.45300293,anonymous,EN,Strongly disagree,Neither agree nor disagree,Somewhat agree,Strongly disagree,Strongly disagree,Somewhat agree,Somewhat agree,Yes,Somewhat agree,Somewhat agree,Strongly disagree,Yes,,,,,,,,,,,,,,18,Female,Belgian,Student,
4/7/2021 18:25,4/7/2021 18:26,IP Address,88.153.20.2,100,81,TRUE,4/7/2021 18:26,R_C8Eqo5JjPMnl15L,,,,,50.74850464,8.497406006,anonymous,EN,Strongly disagree,Somewhat disagree,Neither agree nor disagree,Strongly disagree,Strongly disagree,Somewhat disagree,Strongly disagree,Yes,Strongly disagree,Somewhat agree,Strongly disagree,No,,,,,,,,,,,,,,29,Male,American,Student,
4/8/2021 1:01,4/8/2021 1:05,IP Address,213.127.23.193,100,247,TRUE,4/8/2021 1:05,R_3sAlDwZzB1MyzDN,,,,,51.92630005,4.551300049,anonymous,EN,,,,,,Neither agree nor disagree,Neither agree nor disagree,Yes,Neither agree nor disagree,Somewhat agree,Neither agree nor disagree,Yes,,,,,,,Neither agree nor disagree,Neither agree nor disagree,Neither agree nor disagree,Neither agree nor disagree,Neither agree nor disagree,Neither agree nor disagree,Neither agree nor disagree,27,Female,Dutch,Student,
4/8/2021 2:32,4/8/2021 2:33,IP Address,139.218.4.135,100,74,TRUE,4/8/2021 2:33,R_3HH5ju0kEpWRYTF,,,,,-37.77659607,144.979187,anonymous,EN,,,,,,Strongly agree,Somewhat agree,Yes,Strongly agree,Somewhat agree,Neither agree nor disagree,Yes,Neither agree nor disagree,Strongly disagree,Strongly agree,Somewhat agree,Neither agree nor disagree,Somewhat agree,,,,,,,,25,Female,Australian,Student,
4/8/2021 2:36,4/8/2021 2:38,IP Address,84.30.72.26,100,91,TRUE,4/8/2021 2:38,R_1Q6kJrc4gVhkIcy,,,,,50.84449768,5.698699951,anonymous,EN,,,,,,Somewhat agree,Somewhat agree,Yes,Somewhat agree,Somewhat agree,Somewhat agree,Yes,Somewhat agree,Somewhat agree,Somewhat agree,Somewhat agree,Somewhat agree,Somewhat agree,,,,,,,,23,Male,dutch,Student,
4/8/2021 8:21,4/8/2021 8:22,IP Address,86.80.36.179,100,83,TRUE,4/8/2021 8:22,R_3s0liw7HrecAVvF,,,,,51.93910217,4.433197021,anonymous,EN,Strongly disagree,Neither agree nor disagree,Neither agree nor disagree,Strongly disagree,Somewhat disagree,Neither agree nor disagree,Somewhat agree,No,,Somewhat agree,Neither agree nor disagree,Yes,,,,,,,,,,,,,,24,Female,Dutch,Student,
4/8/2021 9:47,4/8/2021 9:49,IP Address,94.173.41.105,100,145,TRUE,4/8/2021 9:49,R_1gtLrsRfIGn4qN2,,,,,56.48060608,-2.935806274,anonymous,EN,,,,,,Somewhat agree,Somewhat disagree,Yes,Strongly agree,Somewhat agree,Somewhat disagree,Yes,,,,,,,Somewhat disagree,Somewhat agree,Strongly disagree,Neither agree nor disagree,Somewhat agree,Somewhat disagree,Somewhat disagree,22,Male,British,Student,
4/8/2021 9:31,4/8/2021 9:58,IP Address,105.159.246.249,100,1611,TRUE,4/8/2021 9:58,R_3jd3tVWiIduf5GX,,,,,33.5921936,-7.618392944,anonymous,EN,Strongly disagree,Somewhat disagree,Strongly disagree,Strongly disagree,Strongly disagree,Strongly agree,Strongly agree,Yes,Strongly agree,Somewhat agree,Strongly agree,Yes,,,,,,,,,,,,,,22,Female,Moroccan,Student,
4/8/2021 17:20,4/8/2021 17:23,IP Address,173.30.148.62,100,172,TRUE,4/8/2021 17:23,R_zSHOvVXbvcnspYR,,,,,35.85079956,-76.74310303,anonymous,EN,,,,,,Somewhat agree,Somewhat disagree,Yes,Somewhat agree,Somewhat agree,Strongly disagree,No,,,,,,,Somewhat agree,Somewhat disagree,Strongly disagree,Neither agree nor disagree,Neither agree nor disagree,Somewhat agree,Neither agree nor disagree,25,Female,American,Other,Employed-Student
4/9/2021 6:05,4/9/2021 6:07,IP Address,92.26.183.59,100,87,TRUE,4/9/2021 6:07,R_1fkICGqkiSM6Uoc,,,,,53.62350464,-2.335205078,anonymous,EN,Strongly disagree,Somewhat disagree,Neither agree nor disagree,Strongly disagree,Strongly disagree,Strongly agree,Strongly disagree,Yes,Strongly agree,Somewhat agree,Strongly disagree,Yes,,,,,,,,,,,,,,28,Female,British,Student,
4/9/2021 7:15,4/9/2021 7:18,IP Address,86.5.4.69,100,172,TRUE,4/9/2021 7:18,R_29nu9oJ4CpS3lal,,,,,52.76809692,-1.202606201,anonymous,EN,,,,,,Strongly agree,Somewhat agree,Yes,Somewhat agree,Somewhat agree,Somewhat agree,Yes,,,,,,,Somewhat agree,Somewhat disagree,Somewhat disagree,Somewhat agree,Neither agree nor disagree,Somewhat agree,Somewhat agree,23,Female,British,Student,
4/9/2021 10:37,4/9/2021 10:39,IP Address,147.148.248.181,100,97,TRUE,4/9/2021 10:39,R_1exDaFUoudHjoCq,,,,,51.50259399,-0.065994263,anonymous,EN,Somewhat agree,Strongly agree,Strongly agree,Somewhat agree,Neither agree nor disagree,Strongly agree,Somewhat agree,Yes,Somewhat agree,Somewhat agree,Strongly disagree,Yes,,,,,,,,,,,,,,21,Female,British,Student,
4/9/2021 10:53,4/9/2021 10:54,IP Address,86.130.86.190,100,82,TRUE,4/9/2021 10:54,R_doK11tTJzcY8Arn,,,,,51.48309326,-0.164596558,anonymous,EN,,,,,,Strongly agree,Somewhat disagree,Yes,Somewhat disagree,Somewhat agree,Strongly disagree,Yes,Somewhat disagree,Somewhat disagree,Somewhat agree,Somewhat agree,Somewhat disagree,Strongly disagree,,,,,,,,24,Male,British,Student,
4/9/2021 11:07,4/9/2021 11:08,IP Address,82.169.152.134,100,58,TRUE,4/9/2021 11:08,R_27WnAim3USf2PEU,,,,,52.21589661,6.909103394,anonymous,EN,,,,,,Strongly agree,Strongly disagree,No,,Somewhat agree,Strongly disagree,No,,,,,,,Somewhat disagree,Somewhat agree,Somewhat agree,Somewhat agree,Somewhat agree,Somewhat disagree,Somewhat agree,24,Male,Hungarian,Student,
4/10/2021 8:05,4/10/2021 8:09,IP Address,217.136.54.79,100,208,TRUE,4/10/2021 8:09,R_2uxEWYofg5tvkU6,,,,,51.32240295,4.943206787,anonymous,EN,,,,,,Somewhat agree,Neither agree nor disagree,No,,Somewhat agree,Strongly disagree,No,Strongly disagree,Strongly disagree,Strongly agree,Strongly agree,Neither agree nor disagree,Strongly disagree,,,,,,,,21,Female,Belgian,Student,
4/10/2021 9:32,4/10/2021 9:33,IP Address,91.64.36.1,100,62,TRUE,4/10/2021 9:33,R_PuE1fYlIiP2GgpP,,,,,52.53630066,13.41690063,anonymous,EN,Somewhat agree,Strongly agree,Somewhat agree,Somewhat agree,Neither agree nor disagree,Strongly agree,Somewhat agree,Yes,Somewhat agree,Somewhat agree,Neither agree nor disagree,No,,,,,,,,,,,,,,24,Female,Italian,Student,
4/11/2021 7:54,4/11/2021 7:57,IP Address,60.51.117.137,100,167,TRUE,4/11/2021 7:57,R_3EJZBq3EqBhTvJS,,,,,1.854293823,103.0376892,anonymous,EN,Strongly disagree,Somewhat agree,Neither agree nor disagree,Strongly disagree,Strongly disagree,Somewhat disagree,Somewhat disagree,No,,Somewhat agree,Strongly disagree,No,,,,,,,,,,,,,,29,Male,Malaysian,Working,
4/11/2021 8:03,4/11/2021 8:06,IP Address,86.132.80.207,100,136,TRUE,4/11/2021 8:06,R_1hzGu51dueb3huS,,,,,51.65390015,-0.088806152,anonymous,EN,,,,,,Strongly agree,Somewhat disagree,No,,Somewhat agree,Somewhat disagree,Yes,,,,,,,Strongly disagree,Somewhat disagree,Strongly disagree,Somewhat agree,Somewhat agree,Somewhat disagree,Somewhat disagree,27,Female,British,Other,Working and studying part-time
4/11/2021 9:02,4/11/2021 9:29,IP Address,86.177.215.253,100,1612,TRUE,4/11/2021 9:29,R_UlkaoeaEs17de9z,,,,,52.3914032,-0.608306885,anonymous,EN,,,,,,Somewhat disagree,Strongly disagree,No,,Somewhat agree,Strongly disagree,No,Strongly disagree,Strongly disagree,Neither agree nor disagree,Somewhat agree,Strongly disagree,Somewhat disagree,,,,,,,,21,Male,british,Student,
4/11/2021 9:46,4/11/2021 9:47,IP Address,31.127.229.251,100,71,TRUE,4/11/2021 9:47,R_2Cll7wBwa4xzvft,,,,,52.60490417,-1.148803711,anonymous,EN,Somewhat disagree,Somewhat disagree,Neither agree nor disagree,Somewhat disagree,Somewhat disagree,Somewhat agree,Strongly disagree,Yes,Somewhat agree,Somewhat agree,Strongly disagree,No,,,,,,,,,,,,,,22,Male,british,Student,
4/11/2021 12:55,4/11/2021 12:57,IP Address,176.254.101.77,100,88,TRUE,4/11/2021 12:57,R_2QDsnYUSrUcIn6G,,,,,52.35820007,0.268005371,anonymous,EN,,,,,,Strongly agree,Neither agree nor disagree,Yes,Strongly agree,Somewhat agree,Strongly disagree,No,Neither agree nor disagree,Strongly disagree,Somewhat agree,Somewhat agree,Somewhat disagree,Somewhat agree,,,,,,,,23,Female,British,Student,
4/11/2021 13:14,4/11/2021 14:13,IP Address,217.235.152.210,100,3537,TRUE,4/11/2021 14:13,R_6JyhFB3Vlg1XY2d,,,,,49.28329468,7.116699219,anonymous,EN,,,,,,Somewhat agree,Strongly disagree,Yes,Strongly agree,Somewhat agree,Strongly disagree,No,,,,,,,Strongly disagree,Strongly disagree,Neither agree nor disagree,Strongly agree,Somewhat agree,Strongly disagree,Strongly disagree,27,Male,German,Student,
4/11/2021 14:30,4/11/2021 14:31,IP Address,217.122.154.118,100,53,TRUE,4/11/2021 14:31,R_1ozHBB1WO4cvWJg,,,,,52.35760498,4.608093262,anonymous,EN,Somewhat disagree,Somewhat agree,Somewhat agree,Somewhat disagree,Neither agree nor disagree,Somewhat agree,Neither agree nor disagree,Yes,Somewhat agree,Somewhat agree,Somewhat disagree,Yes,,,,,,,,,,,,,,22,Female,Dutch,Student,
4/12/2021 7:26,4/12/2021 7:27,IP Address,217.122.86.231,100,58,TRUE,4/12/2021 7:27,R_3P67J4IovvJa5n4,,,,,52.68980408,4.802398682,anonymous,EN,,,,,,Somewhat agree,Somewhat agree,Yes,Somewhat agree,Somewhat agree,Somewhat agree,Yes,Somewhat agree,Somewhat agree,Strongly agree,Strongly agree,Neither agree nor disagree,Somewhat agree,,,,,,,,21,Male,Dutch,Student,
4/12/2021 8:24,4/12/2021 8:26,IP Address,143.178.130.161,100,91,TRUE,4/12/2021 8:26,R_2PoGqIhGAeVkmnp,,,,,52.07659912,4.263305664,anonymous,EN,,,,,,Strongly agree,Strongly agree,Yes,Somewhat agree,Somewhat agree,Strongly agree,Yes,,,,,,,Neither agree nor disagree,Somewhat agree,Somewhat agree,Strongly agree,Somewhat agree,Somewhat agree,Somewhat agree,23,Female,Indonesia,Student,
4/12/2021 8:57,4/12/2021 9:00,IP Address,86.200.224.59,100,185,TRUE,4/12/2021 9:00,R_1MLrIXUE1N8dZVg,,,,,45.90629578,6.129302979,anonymous,EN,,,,,,Strongly agree,Somewhat agree,Yes,Strongly agree,Somewhat agree,Somewhat disagree,Yes,,,,,,,Strongly agree,Somewhat disagree,Somewhat disagree,Somewhat agree,Somewhat agree,Somewhat agree,Somewhat agree,24,Female,German,Student,
4/12/2021 9:13,4/12/2021 9:14,IP Address,5.151.92.192,100,67,TRUE,4/12/2021 9:14,R_1GVq42CenFiTke3,,,,,51.51449585,0.070602417,anonymous,EN,Strongly disagree,Somewhat disagree,Somewhat agree,Strongly disagree,Strongly disagree,Somewhat agree,Somewhat disagree,No,,Somewhat agree,Strongly disagree,No,,,,,,,,,,,,,,23,Male,British,Student,
4/12/2021 10:10,4/12/2021 10:11,IP Address,80.60.114.148,100,72,TRUE,4/12/2021 10:11,R_1oBeJR88Nmk10nz,,,,,52.33459473,5.204406738,anonymous,EN,,,,,,Neither agree nor disagree,Strongly disagree,No,,Somewhat agree,Strongly disagree,No,Strongly disagree,Strongly disagree,Neither agree nor disagree,Neither agree nor disagree,Strongly disagree,Strongly disagree,,,,,,,,23,Male,Romanian,Student,
4/12/2021 11:20,4/12/2021 11:22,IP Address,82.174.52.195,100,129,TRUE,4/12/2021 11:22,R_Tday9Lt0WIMbmXD,,,,,53.22529602,6.581298828,anonymous,EN,,,,,,Strongly agree,Strongly disagree,Yes,Strongly agree,Somewhat agree,Somewhat disagree,Yes,Somewhat disagree,Strongly disagree,Somewhat agree,Somewhat agree,Somewhat disagree,Somewhat disagree,,,,,,,,25,Female,Russian,Student,
4/12/2021 11:19,4/12/2021 11:27,IP Address,149.90.196.249,100,496,TRUE,4/12/2021 11:27,R_3oBomOYTIqJYWbT,,,,,41.14590454,-8.616897583,anonymous,EN,,,,,,Strongly agree,Strongly disagree,Yes,Strongly agree,Somewhat agree,Strongly disagree,No,,,,,,,Strongly disagree,Somewhat agree,Strongly disagree,Strongly disagree,Strongly disagree,Somewhat agree,Strongly disagree,21,Female,Portuguese,Student,
4/12/2021 18:31,4/12/2021 18:32,IP Address,98.255.110.34,100,79,TRUE,4/12/2021 18:32,R_2QLFuBjR1ODMRTx,,,,,38.6710968,-121.1495056,anonymous,EN,Strongly disagree,Somewhat agree,Neither agree nor disagree,Strongly disagree,Strongly disagree,Neither agree nor disagree,Strongly disagree,No,,Somewhat agree,Strongly disagree,No,,,,,,,,,,,,,,25,Male,American,Working,
4/13/2021 2:16,4/13/2021 2:18,IP Address,198.91.144.218,100,148,TRUE,4/13/2021 2:18,R_2ttauSly5WyMVaq,,,,,42.30709839,-82.94460297,anonymous,EN,,,,,,Strongly agree,Somewhat agree,Yes,Somewhat agree,Somewhat agree,Strongly disagree,No,,,,,,,Somewhat agree,Neither agree nor disagree,Neither agree nor disagree,Somewhat agree,Neither agree nor disagree,Somewhat disagree,Somewhat disagree,21,Female,Canadian,Student,
4/13/2021 3:57,4/13/2021 3:58,IP Address,109.175.184.67,100,71,TRUE,4/13/2021 3:58,R_1isxQ9Lu2yGiJUH,,,,,52.37660217,4.835006714,anonymous,EN,,,,,,Somewhat disagree,Somewhat agree,No,,Somewhat agree,Neither agree nor disagree,No,Somewhat disagree,Somewhat disagree,Somewhat disagree,Somewhat agree,Somewhat disagree,Somewhat disagree,,,,,,,,21,Male,Indian,Student,
4/13/2021 3:59,4/13/2021 4:02,IP Address,84.106.152.209,100,170,TRUE,4/13/2021 4:02,R_ebqBcOuYG1SejMR,,,,,52.64579773,4.816497803,anonymous,EN,,,,,,Somewhat agree,Somewhat agree,Yes,Somewhat agree,Somewhat agree,Somewhat disagree,Yes,Somewhat agree,Somewhat disagree,Somewhat agree,Neither agree nor disagree,Strongly agree,Neither agree nor disagree,,,,,,,,20,Female,Dutch,Student,
4/13/2021 8:13,4/13/2021 8:14,IP Address,213.94.13.249,100,93,TRUE,4/13/2021 8:14,R_32R8ABGbjrTEIOt,,,,,36.5980072,-4.57699585,anonymous,EN,Strongly agree,Somewhat agree,Strongly agree,Strongly agree,Neither agree nor disagree,Somewhat agree,Somewhat agree,Yes,Somewhat agree,Somewhat agree,Somewhat agree,Yes,,,,,,,,,,,,,,23,Female,french,Student,
4/13/2021 17:00,4/13/2021 17:07,IP Address,73.225.8.29,100,379,TRUE,4/13/2021 17:07,R_3jvW1aniI41F48F,,,,,47.21090698,-122.4147034,anonymous,EN,,,,,,Strongly agree,Somewhat disagree,Yes,Somewhat agree,Somewhat agree,Strongly disagree,Yes,,,,,,,Neither agree nor disagree,Neither agree nor disagree,Strongly disagree,Somewhat agree,Somewhat agree,Neither agree nor disagree,Neither agree nor disagree,16,Male,American,Student,
4/13/2021 18:24,4/13/2021 18:27,IP Address,209.23.128.2,100,171,TRUE,4/13/2021 18:27,R_ysQScY6IA76bssh,,,,,44.85740662,-93.43759918,anonymous,EN,,,,,,Somewhat agree,Neither agree nor disagree,Yes,Somewhat agree,Somewhat agree,Strongly disagree,No,Somewhat agree,Strongly agree,Somewhat agree,Neither agree nor disagree,Somewhat agree,Somewhat disagree,,,,,,,,46,Female,british,Working,
4/14/2021 3:19,4/14/2021 3:21,IP Address,78.27.122.86,100,104,TRUE,4/14/2021 3:21,R_3QFRrVREl576aRb,,,,,60.17190552,24.93469238,anonymous,EN,Strongly disagree,Somewhat disagree,Strongly disagree,Somewhat disagree,Somewhat disagree,Strongly agree,Somewhat agree,Yes,Neither agree nor disagree,Somewhat agree,Strongly disagree,No,,,,,,,,,,,,,,23,Male,Finnish,Student,
4/14/2021 3:29,4/14/2021 3:31,IP Address,88.153.246.57,100,94,TRUE,4/14/2021 3:31,R_6i19uKT0OBw1tBL,,,,,50.77470398,6.230194092,anonymous,EN,,,,,,Somewhat agree,Somewhat agree,No,,Somewhat agree,Somewhat disagree,No,,,,,,,Somewhat agree,Somewhat agree,Neither agree nor disagree,Somewhat agree,Somewhat agree,Somewhat agree,Somewhat agree,23,Female,German,Student,
4/14/2021 14:17,4/14/2021 14:17,IP Address,87.66.57.210,100,30,TRUE,4/14/2021 14:17,R_3kMw4I5eMfIH3fC,,,,,50.604599,4.439407349,anonymous,EN,Somewhat agree,Somewhat agree,Somewhat agree,Somewhat agree,Somewhat agree,Somewhat agree,Somewhat agree,No,,Somewhat agree,Somewhat agree,No,,,,,,,,,,,,,,20,Male,Prefer not to say,Internship,
4/14/2021 16:03,4/14/2021 16:06,IP Address,134.202.32.35,100,165,TRUE,4/14/2021 16:06,R_OGNldUykGSSiouZ,,,,,41.84829712,-87.65170288,anonymous,EN,,,,,,Somewhat agree,Somewhat agree,Yes,Somewhat agree,Somewhat agree,Strongly disagree,Yes,,,,,,,Strongly disagree,Strongly disagree,Somewhat disagree,Somewhat disagree,Neither agree nor disagree,Somewhat disagree,Somewhat disagree,23,Female,American ,Student,
4/15/2021 6:05,4/15/2021 6:06,IP Address,121.212.146.60,100,75,TRUE,4/15/2021 6:06,R_3qfDRY4QReUK6IB,,,,,-33.85910034,151.2001953,anonymous,EN,,,,,,Somewhat agree,Neither agree nor disagree,Yes,Somewhat agree,Somewhat agree,Neither agree nor disagree,Yes,Neither agree nor disagree,Neither agree nor disagree,Neither agree nor disagree,Neither agree nor disagree,Neither agree nor disagree,Neither agree nor disagree,,,,,,,,18,Female,australian,Student,
4/15/2021 10:46,4/15/2021 10:48,IP Address,148.197.93.112,100,104,TRUE,4/15/2021 10:48,R_bmDVsys3NEGH15L,,,,,50.78509521,-1.038894653,anonymous,EN,Somewhat agree,Strongly agree,Neither agree nor disagree,Somewhat disagree,Somewhat disagree,Strongly agree,Somewhat agree,Yes,Strongly agree,Somewhat agree,Strongly agree,No,,,,,,,,,,,,,,21,Female,british,Student,
4/15/2021 11:47,4/15/2021 11:49,IP Address,62.166.178.25,100,122,TRUE,4/15/2021 11:49,R_3KV30iYX4xOJFzd,,,,,51.92810059,4.505203247,anonymous,EN,,,,,,Strongly agree,Somewhat agree,Yes,Strongly agree,Somewhat agree,Somewhat agree,Yes,Somewhat agree,Strongly disagree,Somewhat disagree,Neither agree nor disagree,Somewhat agree,Somewhat agree,,,,,,,,20,Female,Romanian,Student,
4/15/2021 11:55,4/15/2021 11:58,IP Address,62.194.201.152,100,193,TRUE,4/15/2021 11:58,R_3ne2g2MYDVnRdYE,,,,,51.90460205,4.24609375,anonymous,EN,,,,,,Strongly agree,Somewhat agree,Yes,Strongly agree,Somewhat agree,Strongly disagree,Yes,,,,,,,Strongly agree,Somewhat disagree,Strongly disagree,Strongly agree,Somewhat agree,Strongly agree,Strongly agree,22,Female,Dutch,Student,
4/15/2021 11:58,4/15/2021 11:59,IP Address,86.44.2.92,100,43,TRUE,4/15/2021 11:59,R_2q7zLMGh7PvledN,,,,,53.50810242,-6.462493896,anonymous,EN,,,,,,Somewhat agree,Somewhat agree,Yes,Somewhat agree,Somewhat agree,Strongly agree,Yes,Somewhat agree,Neither agree nor disagree,Somewhat agree,Somewhat agree,Somewhat agree,Neither agree nor disagree,,,,,,,,21,Female,irish,Student,
4/15/2021 21:57,4/15/2021 21:59,IP Address,49.195.185.102,100,86,TRUE,4/15/2021 21:59,R_qwtCBxNawD1Dlh7,,,,,-33.86720276,151.199707,anonymous,EN,Somewhat disagree,Somewhat disagree,Somewhat disagree,Somewhat agree,Somewhat disagree,Strongly agree,Somewhat disagree,Yes,Somewhat agree,Somewhat agree,Strongly disagree,Yes,,,,,,,,,,,,,,16,Female,Australian,Student,
4/16/2021 0:20,4/16/2021 0:24,IP Address,185.70.237.179,100,239,TRUE,4/16/2021 0:24,R_3dJKP4lQZ2hM1Wn,,,,,51.91789246,4.490097046,anonymous,EN,Somewhat disagree,Somewhat agree,Neither agree nor disagree,Somewhat disagree,Somewhat disagree,Strongly agree,Somewhat agree,Yes,Strongly agree,Somewhat agree,Strongly disagree,Yes,,,,,,,,,,,,,,22,Male,British,Student,
4/16/2021 2:31,4/16/2021 2:34,IP Address,91.179.51.236,100,148,TRUE,4/16/2021 2:34,R_2zAYTbYCXZ1lhJ5,,,,,51.10310364,5.788894653,anonymous,EN,,,,,,Strongly agree,Somewhat agree,Yes,Somewhat agree,Somewhat agree,Somewhat disagree,No,,,,,,,Somewhat agree,Strongly agree,Somewhat disagree,Somewhat disagree,Somewhat agree,Somewhat agree,Neither agree nor disagree,26,Female,Finnish,Student,
4/16/2021 7:16,4/16/2021 7:17,IP Address,203.206.90.81,100,72,TRUE,4/16/2021 7:17,R_0q6gFXPsh4V951n,,,,,-33.85910034,151.2001953,anonymous,EN,,,,,,Somewhat agree,Strongly agree,Yes,Somewhat agree,Somewhat agree,Somewhat agree,Yes,Somewhat disagree,Strongly disagree,Somewhat agree,Somewhat agree,Somewhat agree,Strongly agree,,,,,,,,15,Female,australian,Student,
4/16/2021 14:22,4/16/2021 14:23,IP Address,90.219.105.255,100,65,TRUE,4/16/2021 14:23,R_3D26Zso5ysjTpDP,,,,,51.90370178,-2.084793091,anonymous,EN,,,,,,Strongly agree,Strongly disagree,Yes,Somewhat agree,Somewhat agree,Strongly disagree,No,Strongly disagree,Neither agree nor disagree,Somewhat agree,Somewhat agree,Strongly disagree,Strongly disagree,,,,,,,,34,Male,British,Working,
4/17/2021 1:14,4/17/2021 1:15,IP Address,43.241.194.101,100,83,TRUE,4/17/2021 1:15,R_323bI3klwTOgi71,,,,,23.21670532,72.68330383,anonymous,EN,Somewhat disagree,Somewhat agree,Somewhat agree,Somewhat disagree,Somewhat disagree,Somewhat agree,Somewhat disagree,No,,Somewhat agree,Somewhat disagree,Yes,,,,,,,,,,,,,,22,Female,indian,Student,
4/17/2021 11:58,4/17/2021 11:59,IP Address,109.72.100.150,100,46,TRUE,4/17/2021 11:59,R_XOqu3c0RRU63XDb,,,,,42.44110107,19.26319885,anonymous,EN,,,,,,Neither agree nor disagree,Somewhat agree,No,,Somewhat agree,Somewhat agree,Yes,Strongly disagree,Somewhat disagree,Somewhat agree,Neither agree nor disagree,Somewhat disagree,Somewhat disagree,,,,,,,,26,Female,moldovian,Student,
4/18/2021 4:50,4/18/2021 4:52,IP Address,5.151.132.130,100,87,TRUE,4/18/2021 4:52,R_sImvu71tgfWdHot,,,,,53.41130066,-2.975906372,anonymous,EN,,,,,,Strongly agree,Somewhat agree,Yes,Strongly agree,Somewhat agree,Strongly disagree,No,,,,,,,Somewhat agree,Neither agree nor disagree,Somewhat disagree,Neither agree nor disagree,Somewhat agree,Somewhat agree,Somewhat agree,21,Female,Finnish,Student,
4/19/2021 3:49,4/19/2021 3:50,IP Address,83.134.120.9,100,81,TRUE,4/19/2021 3:50,R_2ZVaFg1TjdKRtgU,,,,,51.2191925,4.391693115,anonymous,EN,Strongly disagree,Strongly disagree,Strongly disagree,Strongly disagree,Strongly disagree,Somewhat agree,Strongly disagree,Yes,Strongly agree,Somewhat agree,Strongly disagree,No,,,,,,,,,,,,,,24,Male,Finnish,Student,
4/19/2021 3:49,4/19/2021 3:51,IP Address,77.160.128.78,100,140,TRUE,4/19/2021 3:51,R_1hX9r0EvIjugpIY,,,,,51.66569519,4.531097412,anonymous,EN,,,,,,Neither agree nor disagree,Strongly agree,No,,Somewhat agree,Somewhat agree,Yes,,,,,,,Somewhat disagree,Somewhat agree,Somewhat disagree,Somewhat agree,Somewhat agree,Somewhat disagree,Somewhat disagree,23,Female,Dutch,Student,
4/19/2021 10:23,4/19/2021 10:25,IP Address,99.30.123.7,100,126,TRUE,4/19/2021 10:25,R_5BdkeQUDWXzXmSd,,,,,33.85740662,-84.01300049,anonymous,EN,,,,,,Strongly agree,Strongly disagree,Yes,Somewhat agree,Somewhat agree,Strongly disagree,No,,,,,,,Somewhat disagree,Somewhat disagree,Strongly disagree,Neither agree nor disagree,Somewhat disagree,Somewhat disagree,Strongly disagree,17,Female,American,Student,
4/19/2021 15:35,4/19/2021 15:43,IP Address,82.207.237.174,100,443,TRUE,4/19/2021 15:43,R_ykasDV2txzf2T9D,,,,,49.13909912,9.201293945,anonymous,EN,Somewhat disagree,Neither agree nor disagree,Neither agree nor disagree,Neither agree nor disagree,Somewhat disagree,Somewhat agree,Somewhat agree,Yes,Neither agree nor disagree,Somewhat agree,Somewhat disagree,Yes,,,,,,,,,,,,,,24,Female,German,Student,
4/20/2021 3:53,4/20/2021 3:55,IP Address,84.83.230.194,100,118,TRUE,4/20/2021 3:55,R_24iwAzghRZZL9qW,,,,,52.02209473,5.189498901,anonymous,EN,,,,,,Somewhat agree,Somewhat disagree,Yes,Somewhat agree,Somewhat agree,Strongly disagree,Yes,Strongly agree,Somewhat disagree,Neither agree nor disagree,Somewhat agree,Strongly agree,Somewhat agree,,,,,,,,21,Female,dutch,Student,
4/20/2021 6:03,4/20/2021 6:04,IP Address,80.114.132.242,100,89,TRUE,4/20/2021 6:04,R_YYTw53Oybcurhst,,,,,52.352005,4.939193726,anonymous,EN,Strongly disagree,Somewhat disagree,Somewhat agree,Strongly disagree,Strongly disagree,Strongly agree,Strongly disagree,No,,Somewhat agree,Strongly disagree,No,,,,,,,,,,,,,,27,Male,Argentinian,Student,
4/21/2021 17:08,4/21/2021 17:09,IP Address,99.41.166.101,100,104,TRUE,4/21/2021 17:09,R_23ProUzDojQskYp,,,,,37.92080688,-122.0182037,anonymous,EN,,,,,,Somewhat agree,Somewhat disagree,No,,Somewhat agree,Neither agree nor disagree,No,Somewhat disagree,Neither agree nor disagree,Neither agree nor disagree,Neither agree nor disagree,Neither agree nor disagree,Neither agree nor disagree,,,,,,,,24,Female,American ,Student,
4/22/2021 0:26,4/22/2021 0:32,IP Address,128.106.122.161,100,372,TRUE,4/22/2021 0:32,R_3rG9riBcSYMkyw7,,,,,1.305099487,103.844696,anonymous,EN,,,,,,Strongly agree,Somewhat disagree,No,,Somewhat agree,Somewhat agree,No,,,,,,,Somewhat disagree,Strongly disagree,Somewhat agree,Neither agree nor disagree,Somewhat agree,Somewhat agree,Neither agree nor disagree,49,Male,Canadian,Working,
4/22/2021 5:17,4/22/2021 5:20,IP Address,194.166.92.191,100,145,TRUE,4/22/2021 5:20,R_3efujZGzKfjYQE1,,,,,48.40919495,15.61410522,anonymous,EN,Somewhat agree,Somewhat disagree,Neither agree nor disagree,Somewhat agree,Neither agree nor disagree,Strongly agree,Somewhat agree,Yes,Somewhat agree,Somewhat agree,Strongly agree,Yes,,,,,,,,,,,,,,31,Female,Romanian,Student,
4/22/2021 7:00,4/22/2021 7:02,IP Address,145.5.180.4,100,139,TRUE,4/22/2021 7:02,R_2tan99gizGiMlyM,,,,,51.92489624,4.522293091,anonymous,EN,,,,,,Somewhat agree,Neither agree nor disagree,No,,Somewhat agree,Somewhat disagree,Yes,Strongly agree,Strongly disagree,Somewhat agree,Neither agree nor disagree,Somewhat agree,Neither agree nor disagree,,,,,,,,24,Female,German,Student,
4/23/2021 2:12,4/23/2021 2:14,IP Address,137.120.229.174,100,123,TRUE,4/23/2021 2:14,R_Xw9ghwIqRLyIfNT,,,,,50.85020447,5.695907593,anonymous,EN,,,,,,Strongly agree,Somewhat disagree,Yes,Strongly agree,Somewhat agree,Somewhat disagree,No,Somewhat agree,Somewhat disagree,Neither agree nor disagree,Somewhat agree,Somewhat agree,Strongly agree,,,,,,,,24,Female,German,Student,
4/23/2021 13:15,4/23/2021 13:18,IP Address,172.250.224.243,100,130,TRUE,4/23/2021 13:18,R_3s03bwm2PxmnW6v,,,,,33.88989258,-118.4008026,anonymous,EN,Somewhat disagree,Somewhat disagree,Somewhat disagree,Somewhat disagree,Strongly disagree,Somewhat agree,Strongly disagree,Yes,Strongly agree,Somewhat agree,Somewhat disagree,No,,,,,,,,,,,,,,18,Female,American,Student,
4/24/2021 3:26,4/24/2021 3:30,IP Address,83.216.130.210,100,242,TRUE,4/24/2021 3:30,R_3MiB0o8PsyugR99,,,,,51.5809021,-4.047393799,anonymous,EN,,,,,,Strongly agree,Somewhat agree,Yes,Strongly agree,Somewhat agree,Strongly disagree,No,,,,,,,Strongly agree,Strongly disagree,Strongly disagree,Somewhat disagree,Somewhat agree,Somewhat agree,Neither agree nor disagree,22,Non-binary / third gender,British,Student,
4/24/2021 3:42,4/24/2021 3:45,IP Address,5.20.146.132,100,152,TRUE,4/24/2021 3:45,R_2eR97wLwSvVLdmF,,,,,54.69970703,25.30610657,anonymous,EN,Strongly disagree,Somewhat agree,Somewhat disagree,Strongly disagree,Somewhat disagree,Neither agree nor disagree,Strongly disagree,No,,Somewhat agree,Strongly disagree,No,,,,,,,,,,,,,,29,Male,Lithuanian,Working,
4/24/2021 3:48,4/24/2021 3:50,IP Address,195.35.240.10,100,123,TRUE,4/24/2021 3:50,R_2w0vQ6hEhRm6PMA,,,,,51.56520081,5.055206299,anonymous,EN,,,,,,Somewhat agree,Somewhat disagree,No,,Somewhat agree,Strongly disagree,No,Somewhat agree,Somewhat disagree,Neither agree nor disagree,Somewhat agree,Somewhat agree,Neither agree nor disagree,,,,,,,,20,Female,Turkish,Student,
4/24/2021 3:54,4/24/2021 3:55,IP Address,213.127.30.159,100,78,TRUE,4/24/2021 3:55,R_1pQkPyw3c4WMSxw,,,,,51.94389343,5.89390564,anonymous,EN,,,,,,Strongly agree,Somewhat agree,Yes,Strongly agree,Somewhat agree,Strongly agree,Yes,,,,,,,Neither agree nor disagree,Strongly agree,Strongly disagree,Somewhat agree,Strongly agree,Somewhat agree,Strongly agree,24,Female,dutch,Student,
4/24/2021 4:06,4/24/2021 4:08,IP Address,80.138.212.245,100,137,TRUE,4/24/2021 4:08,R_1ilLmceOMtAQIxd,,,,,47.98179626,10.18530273,anonymous,EN,Somewhat agree,Somewhat agree,Somewhat agree,Somewhat agree,Somewhat agree,Strongly agree,Neither agree nor disagree,No,,Somewhat agree,Somewhat disagree,Yes,,,,,,,,,,,,,,25,Female,German,Student,
4/24/2021 4:08,4/24/2021 4:10,IP Address,91.100.61.82,100,158,TRUE,4/24/2021 4:10,R_21gFNGhIKCD7mYt,,,,,55.67649841,12.55760193,anonymous,EN,,,,,,Somewhat disagree,Strongly disagree,Yes,Somewhat disagree,Somewhat agree,Strongly disagree,No,Strongly disagree,Strongly disagree,Somewhat disagree,Neither agree nor disagree,Strongly disagree,Strongly disagree,,,,,,,,24,Male,Latvian,Working,
4/24/2021 4:08,4/24/2021 4:12,IP Address,95.91.213.109,100,200,TRUE,4/24/2021 4:12,R_3KHrqrvBvucUay0,,,,,52.53630066,13.41690063,anonymous,EN,Neither agree nor disagree,Somewhat agree,Somewhat agree,Neither agree nor disagree,Neither agree nor disagree,Strongly agree,Somewhat agree,Yes,Strongly agree,Somewhat agree,Neither agree nor disagree,Yes,,,,,,,,,,,,,,24,Male,German,Student,
4/24/2021 4:14,4/24/2021 4:17,IP Address,95.91.220.233,100,151,TRUE,4/24/2021 4:17,R_26hi6GHGHxBc8DC,,,,,50.35159302,7.580703735,anonymous,EN,,,,,,Strongly agree,Strongly agree,Yes,Strongly agree,Somewhat agree,Somewhat disagree,Yes,Strongly agree,Somewhat disagree,Somewhat agree,Somewhat agree,Strongly agree,Neither agree nor disagree,,,,,,,,24,Female,German,Student,
4/24/2021 4:39,4/24/2021 4:41,IP Address,217.62.90.76,100,87,TRUE,4/24/2021 4:41,R_2CvUe8k5JU6N7Dh,,,,,51.35940552,6.160903931,anonymous,EN,Neither agree nor disagree,Neither agree nor disagree,Somewhat agree,Somewhat disagree,Somewhat disagree,Neither agree nor disagree,Neither agree nor disagree,Yes,Somewhat disagree,Somewhat agree,Somewhat disagree,No,,,,,,,,,,,,,,24,Male,Dutch,Student,
4/24/2021 4:39,4/24/2021 4:41,IP Address,77.163.75.59,100,111,TRUE,4/24/2021 4:41,R_1DXWTAZuPYIKNac,,,,,52.73620605,6.169006348,anonymous,EN,,,,,,Strongly agree,Strongly agree,Yes,Strongly agree,Somewhat agree,Neither agree nor disagree,No,Strongly agree,Strongly disagree,Strongly agree,Strongly agree,Strongly agree,Neither agree nor disagree,,,,,,,,22,Female,Dutch,Student,
4/24/2021 4:50,4/24/2021 4:53,IP Address,84.135.220.120,100,148,TRUE,4/24/2021 4:53,R_3g5A23tjnvPetZv,,,,,54.31869507,10.17030334,anonymous,EN,,,,,,Strongly agree,Neither agree nor disagree,Yes,Somewhat agree,Somewhat agree,Strongly disagree,No,,,,,,,Neither agree nor disagree,Strongly disagree,Strongly disagree,Somewhat disagree,Somewhat disagree,Somewhat disagree,Neither agree nor disagree,27,Male,German,Student,
4/24/2021 4:57,4/24/2021 5:00,IP Address,37.170.235.18,100,163,TRUE,4/24/2021 5:00,R_291bTP0baubdOYJ,,,,,48.85820007,2.338699341,anonymous,EN,,,,,,Somewhat agree,Somewhat agree,Yes,Strongly agree,Somewhat agree,Somewhat disagree,Yes,,,,,,,Somewhat agree,Somewhat disagree,Somewhat agree,Strongly agree,Somewhat agree,Somewhat agree,Somewhat agree,21,Female,French,Student,
4/24/2021 5:33,4/24/2021 5:35,IP Address,145.108.75.54,100,91,TRUE,4/24/2021 5:35,R_2Cjn3XmReY8i2MU,,,,,52.352005,4.939193726,anonymous,EN,Neither agree nor disagree,Neither agree nor disagree,Neither agree nor disagree,Neither agree nor disagree,Strongly disagree,Somewhat agree,Neither agree nor disagree,No,,Somewhat agree,Neither agree nor disagree,No,,,,,,,,,,,,,,20,Female,Dutch,Student,
4/24/2021 5:36,4/24/2021 5:38,IP Address,87.80.28.212,100,110,TRUE,4/24/2021 5:38,R_x6hHhyIAJIzoKTT,,,,,51.03489685,0.788192749,anonymous,EN,,,,,,Strongly agree,Neither agree nor disagree,Yes,Somewhat agree,Somewhat agree,Neither agree nor disagree,No,Somewhat disagree,Neither agree nor disagree,Somewhat agree,Neither agree nor disagree,Neither agree nor disagree,Somewhat agree,,,,,,,,20,Female,british,Student,
4/24/2021 5:47,4/24/2021 5:49,IP Address,159.48.55.165,100,135,TRUE,4/24/2021 5:49,R_3CJXNRDby61UIAC,,,,,51.29930115,9.490997314,anonymous,EN,Somewhat disagree,Somewhat agree,Somewhat agree,Somewhat disagree,Somewhat disagree,Somewhat agree,Strongly disagree,No,,Somewhat agree,Somewhat disagree,No,,,,,,,,,,,,,,25,Male,dutch,Student,
4/24/2021 6:06,4/24/2021 6:08,IP Address,5.151.93.155,100,72,TRUE,4/24/2021 6:08,R_3M9VGV3lTMOjTfq,,,,,53.480896,-2.23739624,anonymous,EN,,,,,,Somewhat agree,Neither agree nor disagree,Yes,Somewhat agree,Somewhat agree,Somewhat disagree,Yes,Somewhat disagree,Somewhat disagree,Somewhat agree,Neither agree nor disagree,Somewhat disagree,Somewhat disagree,,,,,,,,22,Female,British,Student,
4/24/2021 6:26,4/24/2021 6:28,IP Address,213.127.48.224,100,157,TRUE,4/24/2021 6:28,R_2alxoICGFTUOdRf,,,,,52.38819885,4.884399414,anonymous,EN,,,,,,Strongly agree,Neither agree nor disagree,No,,Somewhat agree,Strongly disagree,Yes,,,,,,,Somewhat agree,Neither agree nor disagree,Strongly disagree,Strongly agree,Somewhat agree,Somewhat agree,Neither agree nor disagree,20,Female,German,Student,
4/24/2021 6:57,4/24/2021 6:59,IP Address,94.6.241.77,100,138,TRUE,4/24/2021 6:59,R_3CBfkMvhoTohJE1,,,,,50.93460083,-0.198806763,anonymous,EN,,,,,,Somewhat agree,Strongly disagree,No,,Somewhat agree,Strongly disagree,No,Somewhat agree,Strongly disagree,Somewhat agree,Somewhat agree,Somewhat agree,Neither agree nor disagree,,,,,,,,33,Female,british,Student,
4/24/2021 7:01,4/24/2021 7:03,IP Address,185.87.157.101,100,114,TRUE,4/24/2021 7:03,R_1fZQcDjBaoe8yM4,,,,,52.30059814,4.947906494,anonymous,EN,Somewhat disagree,Neither agree nor disagree,Somewhat agree,Somewhat disagree,Neither agree nor disagree,Somewhat agree,Somewhat agree,Yes,Somewhat agree,Somewhat agree,Somewhat disagree,Yes,,,,,,,,,,,,,,23,Female,spanish,Student,
4/24/2021 3:45,4/24/2021 3:45,IP Address,176.127.244.114,61,18,FALSE,4/24/2021 7:45,R_2cegwvhh9ByjLIP,,,,,,,anonymous,EN,,,,,,,,,,,,,,,,,,,,,,,,,,,,,,
4/24/2021 8:59,4/24/2021 9:02,IP Address,36.69.153.130,100,198,TRUE,4/24/2021 9:02,R_2rjEFMjcSbmCFxb,,,,,-6.174102783,106.8295898,anonymous,EN,,,,,,Strongly agree,Somewhat agree,Yes,Strongly agree,Somewhat agree,Somewhat disagree,Yes,,,,,,,Somewhat agree,Somewhat agree,Strongly disagree,Somewhat agree,Somewhat agree,Strongly agree,Strongly agree,20,Female,Indonesian,Student,
4/24/2021 8:53,4/24/2021 9:03,IP Address,113.190.143.225,100,561,TRUE,4/24/2021 9:03,R_3lJihHSXFjiU5k7,,,,,21.03129578,105.851593,anonymous,EN,Strongly disagree,Strongly disagree,Somewhat disagree,Somewhat agree,Somewhat disagree,Strongly agree,Neither agree nor disagree,Yes,Somewhat agree,Somewhat agree,Strongly disagree,Yes,,,,,,,,,,,,,,21,Female,Vietnamese,Student,
4/24/2021 9:01,4/24/2021 9:03,IP Address,31.183.158.185,100,118,TRUE,4/24/2021 9:03,R_6X4gxerVM1XJN8l,,,,,51.73460388,19.49510193,anonymous,EN,,,,,,Strongly agree,Somewhat agree,Yes,Strongly agree,Somewhat agree,Strongly disagree,Yes,Somewhat agree,Strongly disagree,Somewhat disagree,Neither agree nor disagree,Somewhat agree,Somewhat disagree,,,,,,,,19,Female,Polish,Student,
4/24/2021 9:04,4/24/2021 9:06,IP Address,102.158.206.79,100,139,TRUE,4/24/2021 9:06,R_10wwnKvHBdASfpA,,,,,36.80490112,10.17779541,anonymous,EN,,,,,,Strongly agree,Strongly disagree,No,,Somewhat agree,Strongly disagree,Yes,Strongly disagree,Somewhat agree,Strongly disagree,Somewhat agree,Strongly disagree,Strongly disagree,,,,,,,,20,Female,Tunisian,Student,
4/24/2021 9:08,4/24/2021 9:13,IP Address,92.110.107.217,100,302,TRUE,4/24/2021 9:13,R_3D1PH9fb71sEun9,,,,,51.90879822,4.344406128,anonymous,EN,,,,,,Strongly agree,Neither agree nor disagree,No,,Somewhat agree,Strongly disagree,No,,,,,,,Somewhat agree,Somewhat disagree,Somewhat agree,Neither agree nor disagree,Neither agree nor disagree,Somewhat agree,Somewhat agree,19,Female,Dutch,Student,
4/24/2021 9:14,4/24/2021 9:15,IP Address,62.166.177.223,100,99,TRUE,4/24/2021 9:15,R_2dzucWZZQeha8Zr,,,,,51.91560364,4.514602661,anonymous,EN,Somewhat agree,Somewhat agree,Strongly agree,Somewhat agree,Somewhat agree,Strongly agree,Strongly agree,Yes,Somewhat agree,Somewhat agree,Somewhat agree,Yes,,,,,,,,,,,,,,21,Female,New Zealander,Student,
4/24/2021 9:20,4/24/2021 9:22,IP Address,84.242.237.213,100,134,TRUE,4/24/2021 9:22,R_2Ce8ch4t9tW0Zxy,,,,,58.51780701,31.27940369,anonymous,EN,Strongly disagree,Neither agree nor disagree,Somewhat agree,Neither agree nor disagree,Somewhat agree,Neither agree nor disagree,Somewhat agree,No,,Somewhat agree,Somewhat agree,Yes,,,,,,,,,,,,,,21,Female,Russian ,Student,
4/24/2021 9:41,4/24/2021 9:44,IP Address,83.162.140.135,100,161,TRUE,4/24/2021 9:44,R_sYbNbFRjThKk7kt,,,,,52.3809967,4.627502441,anonymous,EN,,,,,,Strongly agree,Somewhat disagree,No,,Somewhat agree,Neither agree nor disagree,No,Neither agree nor disagree,Neither agree nor disagree,Somewhat agree,Neither agree nor disagree,Neither agree nor disagree,Neither agree nor disagree,,,,,,,,20,Female,Dutch,Student,
4/24/2021 10:11,4/24/2021 10:12,IP Address,77.248.206.85,100,99,TRUE,4/24/2021 10:12,R_yr3pP6n0McwJq81,,,,,52.02119446,5.656494141,anonymous,EN,Somewhat disagree,Somewhat agree,Somewhat agree,Somewhat disagree,Somewhat disagree,Somewhat agree,Somewhat disagree,Yes,Strongly agree,Somewhat agree,Strongly disagree,Yes,,,,,,,,,,,,,,20,Male,Dutch,Student,
4/24/2021 9:52,4/24/2021 10:26,IP Address,83.86.235.22,100,2058,TRUE,4/24/2021 10:26,R_3xYaA04CPXzzirD,,,,,51.95140076,4.584793091,anonymous,EN,,,,,,Strongly agree,Somewhat disagree,Yes,Somewhat agree,Somewhat agree,Strongly disagree,No,,,,,,,Somewhat agree,Somewhat disagree,Strongly disagree,Somewhat agree,Strongly agree,Somewhat disagree,Neither agree nor disagree,20,Male,dutch,Student,
4/24/2021 10:24,4/24/2021 10:28,IP Address,145.90.106.107,100,223,TRUE,4/24/2021 10:28,R_qyXKpYGKzLXsuGt,,,,,51.91560364,4.514602661,anonymous,EN,,,,,,Strongly agree,Somewhat disagree,Yes,Strongly agree,Somewhat agree,Strongly disagree,Yes,,,,,,,Somewhat agree,Somewhat disagree,Strongly disagree,Neither agree nor disagree,Neither agree nor disagree,Somewhat agree,Somewhat disagree,19,Female,Russian,Student,
4/24/2021 11:03,4/24/2021 11:09,IP Address,88.113.26.70,100,315,TRUE,4/24/2021 11:09,R_1jrGWKbneDa5kks,,,,,60.14990234,24.75689697,anonymous,EN,,,,,,Strongly agree,Somewhat disagree,Yes,Neither agree nor disagree,Somewhat agree,Strongly disagree,No,Somewhat disagree,Strongly disagree,Somewhat agree,Somewhat agree,Somewhat disagree,Somewhat disagree,,,,,,,,23,Female,Finnish,Student,
4/24/2021 11:27,4/24/2021 11:30,IP Address,145.90.65.168,100,176,TRUE,4/24/2021 11:30,R_24ABJ5wUasKFZM3,,,,,51.92489624,4.522293091,anonymous,EN,,,,,,Somewhat agree,Neither agree nor disagree,Yes,Somewhat agree,Somewhat agree,Somewhat disagree,No,,,,,,,Strongly agree,Somewhat agree,Somewhat agree,Somewhat disagree,Neither agree nor disagree,Somewhat agree,Somewhat agree,23,Female,Turkish,Student,
4/24/2021 11:33,4/24/2021 11:34,IP Address,31.156.206.5,100,97,TRUE,4/24/2021 11:34,R_1GvNNAsspPlgBMO,,,,,42.50109863,14.14489746,anonymous,EN,Neither agree nor disagree,Somewhat agree,Somewhat agree,Neither agree nor disagree,Neither agree nor disagree,Strongly agree,Strongly agree,Yes,Somewhat agree,Somewhat agree,Somewhat agree,Yes,,,,,,,,,,,,,,21,Female,Italian ,Student,
4/24/2021 11:33,4/24/2021 11:35,IP Address,84.104.122.189,100,92,TRUE,4/24/2021 11:35,R_z9h6xUyCDkmzNpn,,,,,52.24349976,4.441696167,anonymous,EN,,,,,,Neither agree nor disagree,Strongly agree,Yes,Somewhat disagree,Somewhat agree,Somewhat disagree,No,Strongly agree,Strongly disagree,Neither agree nor disagree,Neither agree nor disagree,Strongly agree,Somewhat disagree,,,,,,,,21,Female,Dutch,Student,
4/24/2021 9:02,4/24/2021 9:02,IP Address,145.90.64.167,68,26,FALSE,4/24/2021 13:02,R_5C5rGoN0NtpHSw1,,,,,,,anonymous,EN,,,,,,,,,,,,,,,,,,,,,,,,,,,,,,
4/24/2021 10:01,4/24/2021 10:01,IP Address,86.86.232.143,63,4,FALSE,4/24/2021 14:01,R_2tnEZ3uCIC13BGu,,,,,,,anonymous,EN,,,,,,,,,,,,,,,,,,,,,,,,,,,,,,
4/24/2021 11:03,4/24/2021 11:04,IP Address,92.96.167.125,71,29,FALSE,4/24/2021 15:04,R_3oZuPRhoOvp5N6g,,,,,,,anonymous,EN,,,,,,,,,,,,,,,,,,,,,,,,,,,,,,
4/24/2021 15:19,4/24/2021 15:28,IP Address,80.61.60.170,100,560,TRUE,4/24/2021 15:28,R_1eyLrw1J7MJVkBR,,,,,52.16090393,4.462493896,anonymous,EN,,,,,,Somewhat agree,Somewhat disagree,No,,Somewhat agree,Strongly disagree,Yes,,,,,,,Neither agree nor disagree,Somewhat agree,Somewhat disagree,Somewhat agree,Somewhat agree,Somewhat agree,Neither agree nor disagree,21,Female,Dutch,Student,
4/24/2021 12:02,4/24/2021 12:04,IP Address,31.160.251.185,68,140,FALSE,4/24/2021 16:04,R_2ykdmnxMLFSMiEG,,,,,,,anonymous,EN,,,,,,,,,,,,,,,,,,,,,,,,,,,,,,
4/24/2021 12:16,4/24/2021 12:16,IP Address,82.170.27.45,68,6,FALSE,4/24/2021 16:16,R_3hFlBQry0dDdxi8,,,,,,,anonymous,EN,,,,,,,,,,,,,,,,,,,,,,,,,,,,,,
4/25/2021 2:36,4/25/2021 2:39,IP Address,5.151.251.170,100,211,TRUE,4/25/2021 2:39,R_3ilNEzBqncNKcWI,,,,,51.91560364,4.514602661,anonymous,EN,,,,,,Somewhat agree,Somewhat agree,Yes,Somewhat agree,Somewhat agree,Strongly disagree,Yes,Strongly disagree,Strongly disagree,Somewhat agree,Somewhat agree,Strongly disagree,Neither agree nor disagree,,,,,,,,18,Female,Italian,Student,
4/25/2021 12:11,4/25/2021 12:14,IP Address,85.149.162.149,100,183,TRUE,4/25/2021 12:14,R_3etcjhdKgZaPiAW,,,,,52.37869263,4.7940979,anonymous,EN,Strongly disagree,Somewhat disagree,Neither agree nor disagree,Strongly disagree,Strongly disagree,Strongly agree,Somewhat agree,Yes,Strongly agree,Somewhat agree,Somewhat disagree,Yes,,,,,,,,,,,,,,21,Female,Dutch,Student,
4/26/2021 1:17,4/26/2021 1:19,IP Address,82.74.93.224,100,114,TRUE,4/26/2021 1:19,R_3IaYo3KMVHxWGzT,,,,,52.86070251,6.511505127,anonymous,EN,,,,,,Somewhat agree,Neither agree nor disagree,Yes,Somewhat agree,Somewhat agree,Neither agree nor disagree,No,Somewhat agree,Neither agree nor disagree,Somewhat agree,Somewhat agree,Somewhat agree,Somewhat agree,,,,,,,,26,Female,Dutch,Student,
4/26/2021 2:12,4/26/2021 2:14,IP Address,83.81.247.174,100,137,TRUE,4/26/2021 2:14,R_2dSmOIUAHxG30zG,,,,,52.12049866,4.649505615,anonymous,EN,Neither agree nor disagree,Strongly agree,Somewhat agree,Neither agree nor disagree,Somewhat agree,Somewhat agree,Somewhat disagree,No,,Somewhat agree,Somewhat disagree,No,,,,,,,,,,,,,,22,Female,Dutch,Student,
4/26/2021 2:16,4/26/2021 2:19,IP Address,83.81.247.174,100,162,TRUE,4/26/2021 2:19,R_1o7jWgX6jBtUX0r,,,,,52.12049866,4.649505615,anonymous,EN,,,,,,Somewhat agree,Somewhat agree,No,,Somewhat agree,Somewhat agree,No,Somewhat disagree,Strongly disagree,Somewhat agree,Neither agree nor disagree,Somewhat disagree,Somewhat disagree,,,,,,,,22,Male,Dutch,Student,
4/26/2021 6:42,4/26/2021 6:45,IP Address,77.250.36.101,100,206,TRUE,4/26/2021 6:45,R_54MujHUqLBOS0EN,,,,,52.47129822,4.835403442,anonymous,EN,,,,,,Strongly agree,Somewhat agree,No,,Somewhat agree,Strongly disagree,No,,,,,,,Somewhat agree,Somewhat disagree,Somewhat disagree,Somewhat agree,Somewhat disagree,Somewhat agree,Somewhat agree,23,Male,Dutch,Student,
4/26/2021 9:07,4/26/2021 9:11,IP Address,77.170.143.29,100,215,TRUE,4/26/2021 9:11,R_1ozDWj2jv6kj88o,,,,,51.51649475,5.993606567,anonymous,EN,,,,,,Strongly agree,Strongly agree,Yes,Strongly agree,Somewhat agree,Strongly disagree,No,,,,,,,Somewhat agree,Somewhat disagree,Strongly disagree,Strongly agree,Strongly agree,Somewhat agree,Somewhat agree,21,Male,Dutch,Student,
4/26/2021 9:25,4/26/2021 9:28,IP Address,77.168.3.175,100,225,TRUE,4/26/2021 9:28,R_2sTKvWDQXLAWmpT,,,,,53.16929626,6.61579895,anonymous,EN,,,,,,Strongly agree,Somewhat disagree,Yes,Somewhat agree,Somewhat agree,Neither agree nor disagree,No,,,,,,,Somewhat agree,Strongly disagree,Somewhat disagree,Somewhat agree,Somewhat agree,Neither agree nor disagree,Neither agree nor disagree,24,Female,German,Student,
4/26/2021 9:30,4/26/2021 9:33,IP Address,2.205.176.189,100,203,TRUE,4/26/2021 9:33,R_3fZw3DTbdaX3S6l,,,,,51.22940063,6.785507202,anonymous,EN,,,,,,Strongly agree,Strongly disagree,Yes,Strongly agree,Somewhat agree,Somewhat agree,No,Strongly disagree,Strongly agree,Somewhat agree,Somewhat agree,Strongly disagree,Strongly disagree,,,,,,,,24,Female,german,Student,
4/26/2021 9:33,4/26/2021 9:36,IP Address,77.175.244.72,100,226,TRUE,4/26/2021 9:36,R_yW3nDjygbiSsXPH,,,,,52.10830688,5.142303467,anonymous,EN,Somewhat agree,Strongly agree,Somewhat agree,Somewhat agree,Somewhat agree,Somewhat agree,Somewhat disagree,Yes,Strongly agree,Somewhat agree,Somewhat disagree,Yes,,,,,,,,,,,,,,23,Female,dutch,Student,
4/26/2021 9:37,4/26/2021 9:37,IP Address,93.194.49.69,100,29,TRUE,4/26/2021 9:37,R_1mt09dEQztDjWRK,,,,,51.31520081,9.464706421,anonymous,EN,,,,,,Somewhat agree,Neither agree nor disagree,Yes,Somewhat agree,Somewhat agree,Somewhat agree,No,Somewhat agree,Somewhat agree,Neither agree nor disagree,Somewhat agree,Somewhat agree,Somewhat agree,,,,,,,,33,Female,british,Internship,
4/26/2021 9:50,4/26/2021 9:51,IP Address,193.11.200.249,100,61,TRUE,4/26/2021 9:51,R_2PbQ2XMRCD3bWRm,,,,,58.41270447,15.6309967,anonymous,EN,Somewhat agree,Strongly agree,Somewhat agree,Somewhat agree,Somewhat agree,Strongly agree,Somewhat agree,Yes,Strongly agree,Somewhat agree,Somewhat disagree,Yes,,,,,,,,,,,,,,24,Female,Dutch,Student,
4/26/2021 9:51,4/26/2021 9:52,IP Address,83.81.127.25,100,69,TRUE,4/26/2021 9:52,R_6WgA0tvV9wE3oZz,,,,,52.50860596,4.676300049,anonymous,EN,,,,,,Somewhat agree,Somewhat agree,Yes,Somewhat agree,Somewhat agree,Somewhat agree,Yes,,,,,,,Somewhat agree,Somewhat agree,Somewhat agree,Neither agree nor disagree,Neither agree nor disagree,Somewhat agree,Somewhat agree,20,Female,dutch,Student,
4/26/2021 10:28,4/26/2021 10:30,IP Address,76.105.191.236,100,146,TRUE,4/26/2021 10:30,R_2y48g3bbOxffmFS,,,,,45.48049927,-122.6362991,anonymous,EN,,,,,,Strongly agree,Somewhat agree,Yes,Somewhat agree,Somewhat agree,Somewhat agree,Yes,,,,,,,Strongly disagree,Strongly disagree,Strongly disagree,Somewhat agree,Somewhat agree,Strongly disagree,Strongly disagree,22,Female,American,Student,
4/26/2021 10:29,4/26/2021 10:31,IP Address,77.63.121.72,100,125,TRUE,4/26/2021 10:31,R_2VIwD1rtF3azOGW,,,,,52.36639404,4.849594116,anonymous,EN,Somewhat disagree,Somewhat agree,Neither agree nor disagree,Somewhat disagree,Neither agree nor disagree,Somewhat agree,Somewhat agree,Yes,Somewhat agree,Somewhat agree,Strongly disagree,No,,,,,,,,,,,,,,20,Female,Dutch,Student,
4/26/2021 11:14,4/26/2021 11:17,IP Address,95.91.245.85,100,162,TRUE,4/26/2021 11:17,R_1IhofLLQJIucJDr,,,,,52.53529358,13.42449951,anonymous,EN,,,,,,Somewhat agree,Somewhat agree,Yes,Somewhat agree,Somewhat agree,Somewhat agree,Yes,,,,,,,Strongly agree,Neither agree nor disagree,Strongly disagree,Somewhat disagree,Somewhat disagree,Somewhat agree,Strongly agree,24,Female,french,Student,
4/26/2021 11:17,4/26/2021 11:19,IP Address,77.172.34.118,100,96,TRUE,4/26/2021 11:19,R_ZmLJJESnoiVgqnD,,,,,51.89430237,4.50819397,anonymous,EN,Somewhat agree,Somewhat agree,Somewhat agree,Somewhat disagree,Somewhat disagree,Somewhat agree,Somewhat disagree,Yes,Strongly disagree,Somewhat agree,Strongly disagree,Yes,,,,,,,,,,,,,,24,Female,Dutch,Student,
4/26/2021 11:22,4/26/2021 11:23,IP Address,84.9.97.19,100,68,TRUE,4/26/2021 11:23,R_1pKCvp9i2EhQ5JQ,,,,,51.48660278,-1.757003784,anonymous,EN,,,,,,Strongly agree,Somewhat agree,Yes,Strongly agree,Somewhat agree,Somewhat disagree,Yes,Somewhat disagree,Somewhat disagree,Somewhat agree,Strongly agree,Somewhat disagree,Neither agree nor disagree,,,,,,,,23,Female,british,Student,
4/26/2021 11:55,4/26/2021 11:59,IP Address,176.199.211.81,100,201,TRUE,4/26/2021 11:59,R_PBNX84UyeT802KB,,,,,49.41070557,8.680099487,anonymous,EN,Somewhat disagree,Somewhat agree,Somewhat agree,Somewhat disagree,Somewhat agree,Somewhat agree,Somewhat agree,Yes,Somewhat agree,Somewhat agree,Somewhat disagree,No,,,,,,,,,,,,,,24,Female,German,Student,
4/26/2021 8:55,4/26/2021 8:56,IP Address,213.127.30.159,68,11,FALSE,4/26/2021 12:56,R_2Brpgpas1Vf1y1D,,,,,,,anonymous,EN,,,,,,,,,,,,,,,,,,,,,,,,,,,,,,
4/26/2021 13:23,4/26/2021 13:28,IP Address,93.34.119.202,100,319,TRUE,4/26/2021 13:28,R_3fwnsFxXpBRCOZv,,,,,44.48800659,11.37519836,anonymous,EN,,,,,,Strongly agree,Strongly disagree,Yes,Strongly agree,Somewhat agree,Strongly disagree,Yes,,,,,,,Somewhat agree,Strongly disagree,Strongly disagree,Neither agree nor disagree,Somewhat agree,Somewhat agree,Somewhat agree,23,Female,italian,Student,
4/26/2021 13:49,4/26/2021 13:50,IP Address,130.45.50.22,100,105,TRUE,4/26/2021 13:50,R_2vdeLauhCl0SSsF,,,,,29.48730469,-98.45320129,anonymous,EN,,,,,,Strongly agree,Strongly disagree,No,,Somewhat agree,Somewhat disagree,No,Strongly disagree,Strongly disagree,Somewhat disagree,Somewhat agree,Strongly disagree,Strongly disagree,,,,,,,,17,Male,American,Student,
4/26/2021 14:08,4/26/2021 14:10,IP Address,90.213.228.107,100,109,TRUE,4/26/2021 14:10,R_02o7gEEzeNYd10R,,,,,51.5644989,0.457397461,anonymous,EN,,,,,,Strongly agree,Strongly agree,Yes,Strongly agree,Somewhat agree,Somewhat disagree,Yes,,,,,,,Neither agree nor disagree,Strongly disagree,Strongly disagree,Strongly disagree,Neither agree nor disagree,Somewhat disagree,Strongly disagree,23,Male,Prefer not to say,Student,
4/26/2021 14:20,4/26/2021 14:23,IP Address,143.177.249.96,100,176,TRUE,4/26/2021 14:23,R_qUeuQfwMjc5l0mR,,,,,52.37869263,4.7940979,anonymous,EN,Neither agree nor disagree,Somewhat disagree,Neither agree nor disagree,Neither agree nor disagree,Neither agree nor disagree,Strongly agree,Somewhat agree,Yes,Somewhat agree,Somewhat agree,Somewhat disagree,Yes,,,,,,,,,,,,,,22,Female,Spanish,Student,
4/26/2021 14:25,4/26/2021 14:25,IP Address,31.201.225.112,100,33,TRUE,4/26/2021 14:25,R_2YnzW225QmgMhw4,,,,,52.02209473,5.189498901,anonymous,EN,,,,,,Somewhat agree,Somewhat agree,No,,Somewhat agree,Somewhat agree,No,,,,,,,Neither agree nor disagree,Somewhat agree,Somewhat agree,Neither agree nor disagree,Somewhat agree,Somewhat agree,Somewhat agree,22,Female,dutch,Student,
4/26/2021 14:34,4/26/2021 14:36,IP Address,209.53.249.126,100,123,TRUE,4/26/2021 14:36,R_25BH3zS2ehpfoPd,,,,,49.25280762,-122.357399,anonymous,EN,Somewhat disagree,Somewhat agree,Somewhat agree,Somewhat disagree,Somewhat disagree,Strongly agree,Strongly disagree,No,,Somewhat agree,Somewhat disagree,No,,,,,,,,,,,,,,18,Female,Canadian,Student,
4/26/2021 14:50,4/26/2021 14:53,IP Address,176.63.19.106,100,143,TRUE,4/26/2021 14:53,R_239Nb0A46VkdsGF,,,,,47.56359863,19.09469604,anonymous,EN,,,,,,Strongly agree,Somewhat agree,Yes,Somewhat disagree,Somewhat agree,Strongly disagree,No,Somewhat agree,Strongly disagree,Neither agree nor disagree,Somewhat agree,Somewhat agree,Somewhat agree,,,,,,,,25,Female,Hungarian,Student,
4/26/2021 10:53,4/26/2021 10:53,IP Address,89.98.14.13,69,8,FALSE,4/26/2021 14:53,R_2X6AfxuivVtviCX,,,,,,,anonymous,EN,,,,,,,,,,,,,,,,,,,,,,,,,,,,,,
4/26/2021 15:41,4/26/2021 15:43,IP Address,82.123.28.176,100,133,TRUE,4/26/2021 15:43,R_1poJUoixbmvtgYp,,,,,48.83230591,2.407501221,anonymous,EN,,,,,,Somewhat agree,Somewhat agree,No,,Somewhat agree,Somewhat agree,No,Somewhat agree,Somewhat disagree,Somewhat agree,Somewhat agree,Somewhat agree,Neither agree nor disagree,,,,,,,,25,Male,French,Student,
4/26/2021 15:58,4/26/2021 16:00,IP Address,52.144.112.191,100,94,TRUE,4/26/2021 16:00,R_vw38DC5yyeC6VHP,,,,,42.73770142,-84.52390289,anonymous,EN,,,,,,Somewhat agree,Strongly agree,Yes,Somewhat agree,Somewhat agree,Somewhat disagree,No,,,,,,,Somewhat disagree,Somewhat agree,Strongly disagree,Somewhat agree,Neither agree nor disagree,Somewhat disagree,Strongly disagree,21,Male,American,Student,
4/26/2021 17:42,4/26/2021 17:47,IP Address,77.111.245.10,100,333,TRUE,4/26/2021 17:47,R_3sylewA2DZdE21E,,,,,1.367294312,103.8013916,anonymous,EN,Somewhat agree,Strongly agree,Somewhat agree,Somewhat agree,Somewhat agree,Strongly agree,Neither agree nor disagree,Yes,Strongly agree,Somewhat agree,Somewhat agree,Yes,,,,,,,,,,,,,,20,Prefer not to say,Philippino,Working,
4/26/2021 17:59,4/26/2021 18:02,IP Address,203.211.107.120,100,174,TRUE,4/26/2021 18:02,R_2yrtfsuTmZAHCVd,,,,,-43.49830627,172.5600891,anonymous,EN,Neither agree nor disagree,Neither agree nor disagree,Neither agree nor disagree,Neither agree nor disagree,Somewhat disagree,Neither agree nor disagree,Somewhat agree,No,,Somewhat agree,Somewhat agree,No,,,,,,,,,,,,,,29,Female,New Zealander,Student,
4/26/2021 18:18,4/26/2021 18:20,IP Address,182.255.99.178,100,84,TRUE,4/26/2021 18:20,R_RnuvaVjZuFWOIfL,,,,,-34.92739868,138.6004944,anonymous,EN,,,,,,Somewhat agree,Strongly disagree,Yes,Somewhat agree,Somewhat agree,Strongly disagree,No,,,,,,,Strongly disagree,Strongly disagree,Strongly disagree,Somewhat agree,Somewhat agree,Strongly disagree,Strongly disagree,16,Female,Australian,Student,
4/26/2021 21:25,4/26/2021 21:29,IP Address,207.99.213.75,100,236,TRUE,4/26/2021 21:29,R_1k08xErYdrbsMYK,,,,,34.0973053,-117.9069977,anonymous,EN,,,,,,Strongly agree,Somewhat disagree,Yes,Neither agree nor disagree,Somewhat agree,Somewhat disagree,No,,,,,,,Somewhat agree,Somewhat disagree,Somewhat disagree,Somewhat agree,Neither agree nor disagree,Somewhat agree,Somewhat agree,16,Male,American,Student,
4/26/2021 18:14,4/26/2021 18:14,IP Address,203.211.107.120,66,17,FALSE,4/26/2021 22:14,R_cZtS7LocNJAUwo1,,,,,,,anonymous,EN,,,,,,,,,,,,,,,,,,,,,,,,,,,,,,
4/27/2021 1:01,4/27/2021 1:04,IP Address,80.57.98.156,100,150,TRUE,4/27/2021 1:04,R_2aD2zeXl8m00OaX,,,,,51.43659973,5.480102539,anonymous,EN,,,,,,Somewhat agree,Strongly agree,Yes,Neither agree nor disagree,Somewhat agree,Strongly disagree,Yes,Strongly agree,Strongly disagree,Somewhat agree,Somewhat agree,Neither agree nor disagree,Neither agree nor disagree,,,,,,,,25,Female,greek,Student,
4/27/2021 1:09,4/27/2021 1:11,IP Address,42.111.124.35,100,103,TRUE,4/27/2021 1:11,R_eQihHhYkzfh4auR,,,,,23.02760315,72.58709717,anonymous,EN,Neither agree nor disagree,Somewhat agree,Strongly agree,Somewhat disagree,Somewhat disagree,Strongly agree,Somewhat agree,No,,Somewhat agree,Strongly disagree,No,,,,,,,,,,,,,,17,Female,Indian,Student,
4/27/2021 2:16,4/27/2021 2:17,IP Address,145.90.107.167,100,93,TRUE,4/27/2021 2:18,R_2rSEfIbf1omSFYM,,,,,51.91560364,4.514602661,anonymous,EN,,,,,,Somewhat agree,Strongly disagree,No,,Somewhat agree,Strongly disagree,No,,,,,,,Neither agree nor disagree,Somewhat agree,Somewhat disagree,Somewhat agree,Somewhat agree,Neither agree nor disagree,Neither agree nor disagree,24,Male,Dutch,Student,
4/27/2021 2:56,4/27/2021 2:57,IP Address,71.202.180.37,100,96,TRUE,4/27/2021 2:57,R_2qxcHp6PW7cleIM,,,,,37.87359619,-122.2570038,anonymous,EN,,,,,,Neither agree nor disagree,Somewhat agree,Yes,Neither agree nor disagree,Somewhat agree,Somewhat agree,Yes,Neither agree nor disagree,Somewhat disagree,Somewhat disagree,Somewhat disagree,Somewhat disagree,Neither agree nor disagree,,,,,,,,25,Female,American,Student,
4/27/2021 3:05,4/27/2021 3:08,IP Address,178.84.215.169,100,173,TRUE,4/27/2021 3:08,R_1PYlCIhXQCyabD9,,,,,51.93049622,4.484603882,anonymous,EN,Somewhat agree,Somewhat agree,Somewhat agree,Somewhat agree,Neither agree nor disagree,Somewhat agree,Somewhat agree,No,,Somewhat agree,Strongly disagree,No,,,,,,,,,,,,,,21,Female,Russian,Student,
4/27/2021 6:18,4/27/2021 6:18,IP Address,94.168.91.238,71,45,FALSE,4/27/2021 10:18,R_3rGxq8EcYZQCUco,,,,,,,anonymous,EN,,,,,,,,,,,,,,,,,,,,,,,,,,,,,,
4/28/2021 2:02,4/28/2021 2:07,IP Address,145.90.107.135,100,289,TRUE,4/28/2021 2:07,R_1DunfqmEdfHpdqc,,,,,51.91560364,4.514602661,anonymous,EN,,,,,,Strongly agree,Strongly disagree,Yes,Neither agree nor disagree,Somewhat agree,Strongly disagree,No,,,,,,,Neither agree nor disagree,Neither agree nor disagree,Strongly disagree,Somewhat agree,Somewhat agree,Neither agree nor disagree,Neither agree nor disagree,19,Female,French ,Student,
4/28/2021 13:27,4/28/2021 13:27,IP Address,86.93.130.212,100,49,TRUE,4/28/2021 13:27,R_vl55PWGSEUpxsuR,,,,,51.91789246,4.490097046,anonymous,EN,,,,,,Neither agree nor disagree,Neither agree nor disagree,Yes,Neither agree nor disagree,Somewhat agree,Somewhat agree,Yes,Somewhat agree,Neither agree nor disagree,Neither agree nor disagree,Strongly disagree,Strongly disagree,Neither agree nor disagree,,,,,,,,21,Male,Dutch,Student,
4/29/2021 1:57,4/29/2021 2:00,IP Address,82.29.52.186,100,165,TRUE,4/29/2021 2:00,R_wX0Wuj7BXJJT7Yl,,,,,55.8802948,-4.305496216,anonymous,EN,Neither agree nor disagree,Somewhat disagree,Neither agree nor disagree,Neither agree nor disagree,Neither agree nor disagree,Strongly agree,Somewhat agree,No,,Somewhat agree,Strongly disagree,No,,,,,,,,,,,,,,21,Male,Scottish ,Student,
4/29/2021 3:46,4/29/2021 3:48,IP Address,90.197.21.204,100,122,TRUE,4/29/2021 3:48,R_6YiUdCy5DCL3EyZ,,,,,55.86700439,-4.26210022,anonymous,EN,,,,,,Somewhat agree,Neither agree nor disagree,No,,Somewhat agree,Somewhat disagree,No,Somewhat disagree,Somewhat disagree,Neither agree nor disagree,Somewhat agree,Somewhat disagree,Somewhat disagree,,,,,,,,22,Male,British,Student,
4/29/2021 3:47,4/29/2021 3:50,IP Address,62.107.246.53,100,181,TRUE,4/29/2021 3:50,R_21nQT50GkoJy4tv,,,,,57.0500946,9.92489624,anonymous,EN,,,,,,Somewhat agree,Strongly agree,Yes,Neither agree nor disagree,Somewhat agree,Somewhat disagree,No,,,,,,,Somewhat agree,Somewhat disagree,Strongly disagree,Somewhat agree,Somewhat agree,Somewhat agree,Neither agree nor disagree,23,Female,Danish,Student,
4/29/2021 5:31,4/29/2021 5:35,IP Address,130.209.157.48,100,242,TRUE,4/29/2021 5:35,R_2aXnPtufjKfHhXK,,,,,55.8802948,-4.305496216,anonymous,EN,,,,,,Strongly agree,Strongly disagree,No,,Somewhat agree,Strongly disagree,No,,,,,,,Somewhat disagree,Somewhat agree,Strongly disagree,Strongly disagree,Neither agree nor disagree,Somewhat disagree,Somewhat agree,21,Male,Spanish,Student,
4/29/2021 3:52,4/29/2021 3:52,IP Address,31.51.163.190,63,16,FALSE,4/29/2021 7:52,R_2CQ7HxTiBdMbWaf,,,,,,,anonymous,EN,,,,,,,,,,,,,,,,,,,,,,,,,,,,,,
5/1/2021 5:19,5/1/2021 5:21,IP Address,109.91.197.51,100,124,TRUE,5/1/2021 5:21,R_29cYGblR34FPWfL,,,,,51.19239807,6.436203003,anonymous,EN,,,,,,Strongly agree,Strongly disagree,Yes,Somewhat agree,Somewhat agree,Strongly disagree,No,Strongly disagree,Strongly disagree,Neither agree nor disagree,Neither agree nor disagree,Strongly disagree,Somewhat disagree,,,,,,,,24,Male,German,Student,
5/1/2021 5:32,5/1/2021 5:35,IP Address,85.255.236.249,100,162,TRUE,5/1/2021 5:35,R_1eISbf9zA2KQflz,,,,,51.49639893,-0.122406006,anonymous,EN,Somewhat disagree,Somewhat disagree,Neither agree nor disagree,Somewhat disagree,Neither agree nor disagree,Neither agree nor disagree,Somewhat disagree,No,,Somewhat agree,Strongly disagree,No,,,,,,,,,,,,,,24,Male,Indian,Student,
5/1/2021 7:31,5/1/2021 9:29,IP Address,194.37.96.132,65,7068,FALSE,5/1/2021 13:29,R_2Epjlk76bFKXHxv,,,,,,,anonymous,EN,,,,,,,,,,,,,,,,,,,,,,,,,,,,,,
